antecedents,consequents,antecedent support,consequent support,support,confidence,lift,representativity,leverage,conviction,zhangs_metric,jaccard,certainty,kulczynski
"frozenset({'KEY FOB , BACK DOOR '})","frozenset({'KEY FOB , SHED'})",0.014022960128379213,0.01597333662510801,0.010171583755091964,0.7253521126760564,45.41018133530705,1.0,0.009947590292480895,3.5828663128008893,0.9918877085779034,0.5130759651307597,0.7208938562884154,0.6810686374817685
"frozenset({'KEY FOB , SHED'})","frozenset({'KEY FOB , BACK DOOR '})",0.01597333662510801,0.014022960128379213,0.010171583755091964,0.6367851622874807,45.41018133530705,1.0,0.009947590292480895,2.7145835948805903,0.9938536659510192,0.5130759651307597,0.6316193754777376,0.6810686374817685
frozenset({'PINK REGENCY TEACUP AND SAUCER'}),"frozenset({'GREEN REGENCY TEACUP AND SAUCER', 'ROSES REGENCY TEACUP AND SAUCER '})",0.016343661276385632,0.016244908036044933,0.01157881742994692,0.7084592145015105,43.611155749823226,1.0,0.011313316155539767,3.374330937202788,0.9933043164570193,0.5511163337250293,0.7036449540337713,0.7106125859741594
"frozenset({'GREEN REGENCY TEACUP AND SAUCER', 'ROSES REGENCY TEACUP AND SAUCER '})",frozenset({'PINK REGENCY TEACUP AND SAUCER'}),0.016244908036044933,0.016343661276385632,0.01157881742994692,0.7127659574468085,43.611155749823226,1.0,0.011313316155539767,3.4245813274081387,0.9932046046276262,0.5511163337250293,0.7079935021555349,0.7106125859741594
"frozenset({'PINK REGENCY TEACUP AND SAUCER', 'ROSES REGENCY TEACUP AND SAUCER '})",frozenset({'GREEN REGENCY TEACUP AND SAUCER'}),0.01301073941488705,0.020441920750524627,0.01157881742994692,0.8899430740037951,43.53519832430401,1.0,0.011312852925922072,8.900467375249548,0.9899095355323894,0.5293453724604965,0.887646349586,0.728184097388371
frozenset({'GREEN REGENCY TEACUP AND SAUCER'}),"frozenset({'PINK REGENCY TEACUP AND SAUCER', 'ROSES REGENCY TEACUP AND SAUCER '})",0.020441920750524627,0.01301073941488705,0.01157881742994692,0.5664251207729468,43.535198324304005,1.0,0.011312852925922072,2.2763986288703997,0.9974192456968486,0.5293453724604965,0.5607096282182253,0.728184097388371
frozenset({'WOODEN HEART CHRISTMAS SCANDINAVIAN'}),frozenset({'WOODEN STAR CHRISTMAS SCANDINAVIAN'}),0.016763362547833602,0.015133934082212072,0.01078879150722133,0.6435935198821796,42.52651798177437,1.0,0.010535095883426193,2.763322556851975,0.9931335175289396,0.5111111111111111,0.6381168034399801,0.6782404793538142
frozenset({'WOODEN STAR CHRISTMAS SCANDINAVIAN'}),frozenset({'WOODEN HEART CHRISTMAS SCANDINAVIAN'}),0.015133934082212072,0.016763362547833602,0.01078879150722133,0.7128874388254486,42.52651798177436,1.0,0.010535095883426193,3.4245685156714654,0.9914904108369486,0.5111111111111111,0.7079924097229146,0.6782404793538142
frozenset({'FELTCRAFT CUSHION BUTTERFLY'}),frozenset({'FELTCRAFT CUSHION RABBIT'}),0.016047401555363536,0.015998024935193186,0.010541908406369585,0.6569230769230769,41.06276115859449,1.0,0.01028518167614182,2.8681671918929346,0.9915589797559479,0.49024110218140077,0.6513452901816301,0.6579368471035139
frozenset({'FELTCRAFT CUSHION RABBIT'}),frozenset({'FELTCRAFT CUSHION BUTTERFLY'}),0.015998024935193186,0.016047401555363536,0.010541908406369585,0.6589506172839507,41.06276115859449,1.0,0.01028518167614182,2.8850736823173055,0.9915092239298818,0.49024110218140077,0.6533884017836262,0.6579368471035139
frozenset({'PINK REGENCY TEACUP AND SAUCER'}),frozenset({'GREEN REGENCY TEACUP AND SAUCER'}),0.016343661276385632,0.020441920750524627,0.013578570546846068,0.8308157099697885,40.64274194725396,1.0,0.013244474718260775,5.789887932706719,0.9916017641972013,0.5851063829787232,0.8272850853725403,0.7475334588496285
frozenset({'GREEN REGENCY TEACUP AND SAUCER'}),frozenset({'PINK REGENCY TEACUP AND SAUCER'}),0.020441920750524627,0.016343661276385632,0.013578570546846068,0.6642512077294686,40.64274194725396,1.0,0.013244474718260775,2.92973902324875,0.9957504118484032,0.5851063829787232,0.6586726694546626,0.7475334588496285
frozenset({'GARDENERS KNEELING PAD CUP OF TEA '}),frozenset({'GARDENERS KNEELING PAD KEEP CALM '}),0.015479570423404518,0.018318726083199604,0.011307246019009998,0.7304625199362041,39.8751810916657,1.0,0.011023680008538053,3.6420956138806737,0.9902503947082271,0.5027442371020856,0.725432798581997,0.6738565968953258
frozenset({'GARDENERS KNEELING PAD KEEP CALM '}),frozenset({'GARDENERS KNEELING PAD CUP OF TEA '}),0.018318726083199604,0.015479570423404518,0.011307246019009998,0.6172506738544474,39.8751810916657,1.0,0.011023680008538053,2.572232953330401,0.9931143334299393,0.5027442371020856,0.6112327234182856,0.6738565968953258
"frozenset({'PINK REGENCY TEACUP AND SAUCER', 'GREEN REGENCY TEACUP AND SAUCER'})",frozenset({'ROSES REGENCY TEACUP AND SAUCER '}),0.013578570546846068,0.022713245278360696,0.01157881742994692,0.8527272727272728,37.543171936758895,1.0,0.011270404026586881,6.635897717245701,0.9867628267301781,0.4685314685314686,0.8493044886148335,0.6812549407114625
frozenset({'ROSES REGENCY TEACUP AND SAUCER '}),"frozenset({'PINK REGENCY TEACUP AND SAUCER', 'GREEN REGENCY TEACUP AND SAUCER'})",0.022713245278360696,0.013578570546846068,0.01157881742994692,0.5097826086956522,37.543171936758895,1.0,0.011270404026586881,2.0122122285962343,0.995986074068568,0.4685314685314686,0.503034527974406,0.6812549407114625
frozenset({'BATHROOM METAL SIGN'}),frozenset({'KITCHEN METAL SIGN'}),0.02209603752623133,0.012887297864461177,0.010245648685347488,0.4636871508379889,35.98016866799376,1.0,0.009960890468122633,1.8405538925235572,0.9941742227683772,0.41417165668662687,0.4566852923665743,0.6293531539630558
frozenset({'KITCHEN METAL SIGN'}),frozenset({'BATHROOM METAL SIGN'}),0.012887297864461177,0.02209603752623133,0.010245648685347488,0.7950191570881227,35.98016866799375,1.0,0.009960890468122633,4.770709050572966,0.9848996064291179,0.41417165668662687,0.7903875525840547,0.6293531539630558
frozenset({'PINK REGENCY TEACUP AND SAUCER'}),frozenset({'ROSES REGENCY TEACUP AND SAUCER '}),0.016343661276385632,0.022713245278360696,0.01301073941488705,0.7960725075528701,35.04882273742283,1.0,0.012639521827570058,4.792324678709075,0.9876095267854221,0.49952606635071084,0.7913330028654542,0.6844492972546958
frozenset({'ROSES REGENCY TEACUP AND SAUCER '}),frozenset({'PINK REGENCY TEACUP AND SAUCER'}),0.022713245278360696,0.016343661276385632,0.01301073941488705,0.5728260869565217,35.048822737422825,1.0,0.012639521827570058,2.3027069507015905,0.9940463906962632,0.49952606635071084,0.5657285006694754,0.6844492972546958
frozenset({'ROSES REGENCY TEACUP AND SAUCER '}),frozenset({'GREEN REGENCY TEACUP AND SAUCER'}),0.022713245278360696,0.020441920750524627,0.016244908036044933,0.7152173913043479,34.98777830287755,1.0,0.015780605676077458,3.439669591257701,0.9939954535908839,0.6036697247706423,0.7092744016629939,0.7549516908212561
frozenset({'GREEN REGENCY TEACUP AND SAUCER'}),frozenset({'ROSES REGENCY TEACUP AND SAUCER '}),0.020441920750524627,0.022713245278360696,0.016244908036044933,0.7946859903381642,34.987778302877544,1.0,0.015780605676077458,4.759961370055984,0.9916906527810859,0.6036697247706423,0.7899142614285043,0.7549516908212561
frozenset({'BATHROOM METAL SIGN'}),frozenset({'TOILET METAL SIGN'}),0.02209603752623133,0.017454635230218493,0.01343044068633502,0.6078212290502794,34.82291213957788,1.0,0.013044762411281432,2.5053507164357676,0.9932297158323061,0.5141776937618147,0.6008542862124118,0.6886348012295244
frozenset({'TOILET METAL SIGN'}),frozenset({'BATHROOM METAL SIGN'}),0.017454635230218493,0.02209603752623133,0.01343044068633502,0.7694483734087694,34.82291213957788,1.0,0.013044762411281432,4.241583444594811,0.9885378422060818,0.5141776937618147,0.7642389892684222,0.6886348012295244
frozenset({'SPACEBOY LUNCH BOX '}),frozenset({'DOLLY GIRL LUNCH BOX'}),0.019627206517713863,0.0187137390445624,0.012171336871991113,0.620125786163522,33.13746038067739,1.0,0.011804038451044881,2.583187342581367,0.9892386638831325,0.4650943396226415,0.6128813487446463,0.635260782263819
frozenset({'DOLLY GIRL LUNCH BOX'}),frozenset({'SPACEBOY LUNCH BOX '}),0.0187137390445624,0.019627206517713863,0.012171336871991113,0.6503957783641161,33.13746038067739,1.0,0.011804038451044881,2.804236141356879,0.988317793614592,0.4650943396226415,0.6433966507841481,0.635260782263819
frozenset({'ALARM CLOCK BAKELIKE RED '}),frozenset({'ALARM CLOCK BAKELIKE GREEN'}),0.02468831008517467,0.022663868658190346,0.015010492531786199,0.608,26.826840958605665,1.0,0.014450959914623123,2.4932044166882896,0.9870935724325368,0.46412213740458014,0.5989097430974815,0.6351546840958606
frozenset({'ALARM CLOCK BAKELIKE GREEN'}),frozenset({'ALARM CLOCK BAKELIKE RED '}),0.022663868658190346,0.02468831008517467,0.015010492531786199,0.6623093681917211,26.826840958605665,1.0,0.014450959914623123,2.8881810688445473,0.9850489195682262,0.46412213740458014,0.6537613203039024,0.6351546840958606
frozenset({'ALARM CLOCK BAKELIKE PINK'}),frozenset({'ALARM CLOCK BAKELIKE RED '}),0.015603011973830391,0.02468831008517467,0.010220960375262314,0.6550632911392406,26.53333860759494,1.0,0.009835748377389696,2.8275091193860993,0.9775645161309864,0.33990147783251234,0.6463318214806971,0.5345316455696203
frozenset({'ALARM CLOCK BAKELIKE RED '}),frozenset({'ALARM CLOCK BAKELIKE PINK'}),0.02468831008517467,0.015603011973830391,0.010220960375262314,0.414,26.533338607594935,1.0,0.009835748377389696,1.6798583413415862,0.9866707999415472,0.33990147783251234,0.40471170967822834,0.5345316455696203
frozenset({'HAND WARMER SCOTTY DOG DESIGN'}),frozenset({'HAND WARMER OWL DESIGN'}),0.02263918034810517,0.025009258116281942,0.013183557585483273,0.5823336968375137,23.284724965847474,1.0,0.012617368480616453,2.334377311507492,0.9792221775675223,0.38252148997134666,0.5716202367670286,0.5547403923476808
frozenset({'HAND WARMER OWL DESIGN'}),frozenset({'HAND WARMER SCOTTY DOG DESIGN'}),0.025009258116281942,0.02263918034810517,0.013183557585483273,0.5271470878578479,23.28472496584747,1.0,0.012617368480616453,2.066944697927702,0.9816025414145415,0.38252148997134666,0.5161941192705398,0.5547403923476808
frozenset({'HAND WARMER BIRD DESIGN'}),frozenset({'HAND WARMER OWL DESIGN'}),0.021750401185038883,0.025009258116281942,0.012665103073694606,0.5822928490351874,23.283091658608356,1.0,0.012121141676325284,2.334149031520532,0.9783294350914188,0.3714699493120927,0.5715783411873359,0.5443547167189757
frozenset({'HAND WARMER OWL DESIGN'}),frozenset({'HAND WARMER BIRD DESIGN'}),0.025009258116281942,0.021750401185038883,0.012665103073694606,0.506416584402764,23.283091658608353,1.0,0.012121141676325284,1.9819336871991111,0.9815994514347812,0.3714699493120927,0.4954422509396819,0.5443547167189757
frozenset({'HAND WARMER BIRD DESIGN'}),frozenset({'HAND WARMER SCOTTY DOG DESIGN'}),0.021750401185038883,0.02263918034810517,0.011183804468584125,0.5141884222474461,22.712325019774052,1.0,0.010691393213512389,2.0118104722273817,0.9772261019588547,0.33680297397769515,0.5029352845087603,0.5040953016362639
frozenset({'HAND WARMER SCOTTY DOG DESIGN'}),frozenset({'HAND WARMER BIRD DESIGN'}),0.02263918034810517,0.021750401185038883,0.011183804468584125,0.4940021810250818,22.712325019774052,1.0,0.010691393213512389,1.9333079355890506,0.9781147586141674,0.33680297397769515,0.4827518257223132,0.5040953016362639
frozenset({'HANGING HEART ZINC T-LIGHT HOLDER'}),frozenset({'SINGLE HEART ZINC T-LIGHT HOLDER'}),0.026564621651647944,0.018960622145414146,0.010714726576965808,0.4033457249070632,21.272810660625776,1.0,0.010211044823393023,1.6442342220740411,0.978998358245989,0.30780141843971637,0.3918141426720838,0.484224945786865
frozenset({'SINGLE HEART ZINC T-LIGHT HOLDER'}),frozenset({'HANGING HEART ZINC T-LIGHT HOLDER'}),0.018960622145414146,0.026564621651647944,0.010714726576965808,0.5651041666666667,21.272810660625776,1.0,0.010211044823393023,2.2383184747650735,0.9714101786063645,0.30780141843971637,0.5532360514046346,0.484224945786865
frozenset({'PINK CREAM FELT CRAFT TRINKET BOX '}),frozenset({'PINK BLUE FELT CRAFT TRINKET BOX'}),0.028984076039995064,0.023231699790149364,0.01338106406616467,0.46166950596252126,19.872394621691736,1.0,0.012707714712908644,1.814439848807539,0.9780261215695983,0.3445645263827081,0.4488657198213508,0.5188262513872117
frozenset({'PINK BLUE FELT CRAFT TRINKET BOX'}),frozenset({'PINK CREAM FELT CRAFT TRINKET BOX '}),0.023231699790149364,0.028984076039995064,0.01338106406616467,0.5759829968119022,19.872394621691736,1.0,0.012707714712908644,2.2900400612690843,0.9722663377680182,0.3445645263827081,0.5633264164619791,0.5188262513872117
frozenset({'WOOD S/3 CABINET ANT WHITE FINISH'}),frozenset({'WOOD 2 DRAWER CABINET WHITE FINISH'}),0.0242686088137267,0.025675842488581655,0.012171336871991113,0.5015259409969481,19.53298869238595,1.0,0.011548219894672862,1.9546135649667842,0.9724034360711928,0.3222222222222222,0.48838992119805863,0.4877822012677049
frozenset({'WOOD 2 DRAWER CABINET WHITE FINISH'}),frozenset({'WOOD S/3 CABINET ANT WHITE FINISH'}),0.025675842488581655,0.0242686088137267,0.012171336871991113,0.4740384615384616,19.532988692385945,1.0,0.011548219894672862,1.8551382940287466,0.9738078956139791,0.3222222222222222,0.46095662882990196,0.4877822012677049
frozenset({'CHOCOLATE HOT WATER BOTTLE'}),frozenset({'HOT WATER BOTTLE I AM SO POORLY'}),0.034119244537711396,0.01908406369584002,0.011356622639180348,0.33285094066570187,17.44130317162258,1.0,0.010705488803168722,1.4703100043084045,0.9759639887134112,0.271386430678466,0.31987132164663884,0.463967514317327
frozenset({'HOT WATER BOTTLE I AM SO POORLY'}),frozenset({'CHOCOLATE HOT WATER BOTTLE'}),0.01908406369584002,0.034119244537711396,0.011356622639180348,0.5950840879689522,17.44130317162258,1.0,0.010705488803168722,2.385386019080988,0.961004709816641,0.271386430678466,0.5807806401140609,0.463967514317327
frozenset({'VINTAGE HEADS AND TAILS CARD GAME '}),frozenset({'VINTAGE SNAP CARDS'}),0.02310825823972349,0.03448956918898902,0.013677323787186767,0.5918803418803419,17.161140478069612,1.0,0.012880329915790798,2.365753306908655,0.9640052978788687,0.31141090500281055,0.5773016581738583,0.49422220386787313
frozenset({'VINTAGE SNAP CARDS'}),frozenset({'VINTAGE HEADS AND TAILS CARD GAME '}),0.03448956918898902,0.02310825823972349,0.013677323787186767,0.3965640658554044,17.16114047806961,1.0,0.012880329915790798,1.6188822814224273,0.9753688665175655,0.31141090500281055,0.38228986043299434,0.49422220386787313
frozenset({'LUNCH BAG RED RETROSPOT'}),frozenset({'LUNCH BAG PINK POLKADOT'}),0.033008270583878535,0.024984569806196767,0.013998271818294038,0.42408376963350786,16.97382716304865,1.0,0.013173574377709293,1.6929813378819671,0.9732097378560477,0.3181818181818182,0.40932603471514534,0.4921802247377025
frozenset({'LUNCH BAG PINK POLKADOT'}),frozenset({'LUNCH BAG RED RETROSPOT'}),0.024984569806196767,0.033008270583878535,0.013998271818294038,0.5602766798418972,16.97382716304865,1.0,0.013173574377709293,2.1990913037508197,0.9652008966739847,0.3181818181818182,0.5452667207157896,0.4921802247377025
frozenset({'SWEETHEART CERAMIC TRINKET BOX'}),frozenset({'STRAWBERRY CERAMIC TRINKET BOX'}),0.027083076163436613,0.04090852981113443,0.01866436242439205,0.6891522333637192,16.84617453976913,1.0,0.017556433595782878,3.08540569735245,0.9668239078574542,0.37837837837837834,0.6758935134986986,0.5726992307434167
frozenset({'STRAWBERRY CERAMIC TRINKET BOX'}),frozenset({'SWEETHEART CERAMIC TRINKET BOX'}),0.04090852981113443,0.027083076163436613,0.01866436242439205,0.45624622812311405,16.84617453976913,1.0,0.017556433595782878,1.7892600918947676,0.9807608258043287,0.37837837837837834,0.4411097612192127,0.5726992307434167
frozenset({'BAKING SET 9 PIECE RETROSPOT '}),frozenset({'BAKING SET SPACEBOY DESIGN'}),0.03671151709665473,0.018639674114306875,0.011405999259350697,0.31069266980497645,16.66835309993453,1.0,0.010721708544427248,1.4236905410653908,0.9758302805742449,0.2595505617977528,0.29760016579749865,0.4613065998031505
frozenset({'BAKING SET SPACEBOY DESIGN'}),frozenset({'BAKING SET 9 PIECE RETROSPOT '}),0.018639674114306875,0.03671151709665473,0.011405999259350697,0.6119205298013245,16.66835309993453,1.0,0.010721708544427248,2.4821938723277324,0.9578602738980099,0.2595505617977528,0.597130582285167,0.4613065998031505
frozenset({'WOODEN PICTURE FRAME WHITE FINISH'}),"frozenset({'WOODEN FRAME ANTIQUE WHITE ', 'WHITE HANGING HEART T-LIGHT HOLDER'})",0.039772867547216394,0.016269596346130108,0.010591285026539934,0.26629422718808193,16.36759889568021,1.0,0.009944196526018625,1.3407696110713911,0.9777933281815628,0.2330255296034764,0.2541597066770381,0.45864028506596816
"frozenset({'WOODEN FRAME ANTIQUE WHITE ', 'WHITE HANGING HEART T-LIGHT HOLDER'})",frozenset({'WOODEN PICTURE FRAME WHITE FINISH'}),0.016269596346130108,0.039772867547216394,0.010591285026539934,0.6509863429438544,16.36759889568021,1.0,0.009944196526018625,2.7512594795060195,0.9544319054934927,0.2330255296034764,0.6365301028678156,0.45864028506596816
frozenset({'WOODEN FRAME ANTIQUE WHITE '}),"frozenset({'WOODEN PICTURE FRAME WHITE FINISH', 'WHITE HANGING HEART T-LIGHT HOLDER'})",0.04243920503641526,0.01622021972595976,0.010591285026539934,0.24956369982547993,15.38596295499401,1.0,0.00990291179585422,1.3109437537140118,0.9764452532977258,0.22033898305084748,0.23719076644828008,0.4512658681775802
"frozenset({'WOODEN PICTURE FRAME WHITE FINISH', 'WHITE HANGING HEART T-LIGHT HOLDER'})",frozenset({'WOODEN FRAME ANTIQUE WHITE '}),0.01622021972595976,0.04243920503641526,0.010591285026539934,0.6529680365296804,15.38596295499401,1.0,0.00990291179585422,2.759287027592435,0.9504217424815697,0.22033898305084748,0.6375875398245424,0.4512658681775802
frozenset({'FELTCRAFT BUTTERFLY HEARTS'}),frozenset({'FELTCRAFT 6 FLOWER FRIENDS'}),0.024342673743982225,0.027848413776077028,0.010245648685347488,0.4208924949290061,15.113697258066837,1.0,0.009567743834509024,1.678706591973359,0.9571340550846825,0.2442613301942319,0.404303286362582,0.39440014817372293
frozenset({'FELTCRAFT 6 FLOWER FRIENDS'}),frozenset({'FELTCRAFT BUTTERFLY HEARTS'}),0.027848413776077028,0.024342673743982225,0.010245648685347488,0.3679078014184397,15.113697258066836,1.0,0.009567743834509024,1.5435364151708106,0.9605856394060382,0.2442613301942319,0.3521370858689213,0.39440014817372293
frozenset({'LUNCH BAG SUKI DESIGN '}),frozenset({'LUNCH BAG RED RETROSPOT'}),0.020639427231206025,0.033008270583878535,0.010122207134921615,0.4904306220095694,14.857810280102923,1.0,0.009440935336177696,1.89766452063821,0.9523513169034739,0.23255813953488372,0.47303646712871755,0.39854365805040926
frozenset({'LUNCH BAG RED RETROSPOT'}),frozenset({'LUNCH BAG SUKI DESIGN '}),0.033008270583878535,0.020639427231206025,0.010122207134921615,0.30665669409124907,14.857810280102923,1.0,0.009440935336177696,1.4125189706492747,0.9645328939502631,0.23255813953488372,0.29204490645506676,0.39854365805040926
frozenset({'COOK WITH WINE METAL SIGN '}),frozenset({'GIN + TONIC DIET METAL SIGN'}),0.028342179977780522,0.03298358227379336,0.013603258856931243,0.4799651567944251,14.551638230507626,1.0,0.01266843223181546,1.8595223577046653,0.9584435960515375,0.2850491464045525,0.46222749306743055,0.4461951532475119
frozenset({'GIN + TONIC DIET METAL SIGN'}),frozenset({'COOK WITH WINE METAL SIGN '}),0.03298358227379336,0.028342179977780522,0.013603258856931243,0.4124251497005988,14.551638230507624,1.0,0.01266843223181546,1.6536749650314462,0.963043851254828,0.2850491464045525,0.39528624358113557,0.4461951532475119
frozenset({'WOODEN PICTURE FRAME WHITE FINISH'}),frozenset({'WOODEN FRAME ANTIQUE WHITE '}),0.039772867547216394,0.04243920503641526,0.02399703740278978,0.6033519553072626,14.216853373892187,1.0,0.022309108522067276,2.4141321450490376,0.9681677550950446,0.41221374045801523,0.5857724681514122,0.5843984907426365
frozenset({'WOODEN FRAME ANTIQUE WHITE '}),frozenset({'WOODEN PICTURE FRAME WHITE FINISH'}),0.04243920503641526,0.039772867547216394,0.02399703740278978,0.5654450261780104,14.216853373892185,1.0,0.022309108522067276,2.2096793048009835,0.97086362776947,0.41221374045801523,0.5474456416244231,0.5843984907426365
frozenset({'CHOCOLATE HOT WATER BOTTLE'}),frozenset({'HOT WATER BOTTLE TEA AND SYMPATHY'}),0.034119244537711396,0.03019380323416862,0.014615479570423405,0.42836468885672935,14.187172299380068,1.0,0.013585289814353266,1.6965470429498468,0.9623483904884872,0.29408842523596623,0.4105674793071082,0.4562101449189616
frozenset({'HOT WATER BOTTLE TEA AND SYMPATHY'}),frozenset({'CHOCOLATE HOT WATER BOTTLE'}),0.03019380323416862,0.034119244537711396,0.014615479570423405,0.4840556009811938,14.187172299380068,1.0,0.013585289814353266,1.8720636512367337,0.9584531358149047,0.29408842523596623,0.4658301285111892,0.4562101449189616
frozenset({'LUNCH BAG DOLLY GIRL DESIGN'}),frozenset({'LUNCH BAG SPACEBOY DESIGN '}),0.018886557215158622,0.04145167263300827,0.011060362918158251,0.5856209150326798,14.127799382607916,1.0,0.010277483531310916,2.313215995065453,0.9471051230318499,0.22444889779559116,0.5677014156338199,0.42622320319829343
frozenset({'LUNCH BAG SPACEBOY DESIGN '}),frozenset({'LUNCH BAG DOLLY GIRL DESIGN'}),0.04145167263300827,0.018886557215158622,0.011060362918158251,0.26682549136390704,14.127799382607915,1.0,0.010277483531310916,1.3381717875188859,0.9694008548211434,0.22444889779559116,0.252711789826247,0.42622320319829343
"frozenset({""PAPER CHAIN KIT 50'S CHRISTMAS ""})",frozenset({'PAPER CHAIN KIT VINTAGE CHRISTMAS'}),0.040365386989260586,0.02935440069127268,0.016318972966300457,0.40428134556574924,13.772427167485848,1.0,0.015134071222559418,1.6293691528437055,0.9664002783629985,0.3055940822931114,0.38626553825772386,0.48010534898136076
frozenset({'PAPER CHAIN KIT VINTAGE CHRISTMAS'}),"frozenset({""PAPER CHAIN KIT 50'S CHRISTMAS ""})",0.02935440069127268,0.040365386989260586,0.016318972966300457,0.5559293523969723,13.772427167485848,1.0,0.015134071222559418,2.1609953690715327,0.9554374509098013,0.3055940822931114,0.5372502809065953,0.48010534898136076
frozenset({'COOK WITH WINE METAL SIGN '}),frozenset({'HAND OVER THE CHOCOLATE   SIGN '}),0.028342179977780522,0.031329465498086656,0.011899765461054191,0.41986062717770034,13.40146154754354,1.0,0.011011820111299754,1.6697203807930878,0.9523736175198896,0.24909560723514212,0.4010973265325913,0.3998436311617422
frozenset({'HAND OVER THE CHOCOLATE   SIGN '}),frozenset({'COOK WITH WINE METAL SIGN '}),0.031329465498086656,0.028342179977780522,0.011899765461054191,0.3798266351457841,13.401461547543539,1.0,0.011011820111299754,1.5667519359697542,0.9553106449365454,0.24909560723514212,0.36173686654419757,0.3998436311617422
frozenset({'60 TEATIME FAIRY CAKE CASES'}),frozenset({'PACK OF 60 DINOSAUR CAKE CASES'}),0.03913097148500185,0.02488581656585607,0.012887297864461177,0.32933753943217664,13.233945470932852,1.0,0.011913491686041677,1.453956708130873,0.9620840273593932,0.25205214872042486,0.3122216126465381,0.42359734114465974
frozenset({'PACK OF 60 DINOSAUR CAKE CASES'}),frozenset({'60 TEATIME FAIRY CAKE CASES'}),0.02488581656585607,0.03913097148500185,0.012887297864461177,0.5178571428571428,13.23394547093285,1.0,0.011913491686041677,1.9929135406236995,0.9480292261393926,0.25205214872042486,0.4982220855968286,0.42359734114465974
frozenset({'PACK OF 60 PINK PAISLEY CAKE CASES'}),frozenset({'PACK OF 60 DINOSAUR CAKE CASES'}),0.03461301073941489,0.02488581656585607,0.010887544747562029,0.31455064194008553,12.63975570613409,1.0,0.010026171711508944,1.4225911396198436,0.953901965870357,0.22397155916708988,0.29705733984310617,0.3760253209700427
frozenset({'PACK OF 60 DINOSAUR CAKE CASES'}),frozenset({'PACK OF 60 PINK PAISLEY CAKE CASES'}),0.02488581656585607,0.03461301073941489,0.010887544747562029,0.43749999999999994,12.63975570613409,1.0,0.010026171711508944,1.7162435364632624,0.9443863729252494,0.22397155916708988,0.4173321100682812,0.3760253209700427
frozenset({'72 SWEETHEART FAIRY CAKE CASES'}),frozenset({'60 TEATIME FAIRY CAKE CASES'}),0.026144920380199974,0.03913097148500185,0.012739168003950129,0.48725212464589235,12.451827955067426,1.0,0.01171609187007488,1.8739600390375375,0.9443812795591029,0.24248120300751877,0.46637069138699566,0.4064020875595392
frozenset({'60 TEATIME FAIRY CAKE CASES'}),frozenset({'72 SWEETHEART FAIRY CAKE CASES'}),0.03913097148500185,0.026144920380199974,0.012739168003950129,0.3255520504731861,12.451827955067424,1.0,0.01171609187007488,1.4439291872753817,0.9571445003465666,0.24248120300751877,0.3074452619889571,0.4064020875595392
frozenset({'PLEASE ONE PERSON METAL SIGN'}),frozenset({'COOK WITH WINE METAL SIGN '}),0.03313171213430441,0.028342179977780522,0.01152944080977657,0.3479880774962742,12.278098500859395,1.0,0.0105904158614941,1.4902454793940785,0.9500302939654673,0.23084527928818585,0.32896961351186793,0.3773912512916911
frozenset({'COOK WITH WINE METAL SIGN '}),frozenset({'PLEASE ONE PERSON METAL SIGN'}),0.028342179977780522,0.03313171213430441,0.01152944080977657,0.406794425087108,12.278098500859395,1.0,0.0105904158614941,1.6299042503227879,0.9453473690212566,0.23084527928818585,0.3864670272490185,0.3773912512916911
frozenset({'HOME BUILDING BLOCK WORD'}),frozenset({'LOVE BUILDING BLOCK WORD'}),0.04364893223058881,0.03569929638316257,0.018861868905073447,0.4321266968325792,12.104627839006655,1.0,0.01730363273656508,1.6980912788790523,0.9592575357488619,0.3118367346938776,0.41110350636738324,0.4802403885269397
frozenset({'LOVE BUILDING BLOCK WORD'}),frozenset({'HOME BUILDING BLOCK WORD'}),0.03569929638316257,0.04364893223058881,0.018861868905073447,0.5283540802213001,12.104627839006653,1.0,0.01730363273656508,2.0276886275580184,0.9513494754679757,0.3118367346938776,0.5068276329959409,0.4802403885269397
frozenset({'HAND OVER THE CHOCOLATE   SIGN '}),frozenset({'GIN + TONIC DIET METAL SIGN'}),0.031329465498086656,0.03298358227379336,0.01241821997284286,0.3963750985027581,12.017345332974713,1.0,0.011384861969992747,1.6020154492096035,0.9464383542764212,0.23929590865842054,0.37578629438725053,0.386436052245391
frozenset({'GIN + TONIC DIET METAL SIGN'}),frozenset({'HAND OVER THE CHOCOLATE   SIGN '}),0.03298358227379336,0.031329465498086656,0.01241821997284286,0.37649700598802394,12.017345332974712,1.0,0.011384861969992747,1.553594038528879,0.9480572715256876,0.23929590865842054,0.35633120673730523,0.386436052245391
frozenset({'PACK OF 60 PINK PAISLEY CAKE CASES'}),frozenset({'60 TEATIME FAIRY CAKE CASES'}),0.03461301073941489,0.03913097148500185,0.016195531415874584,0.4679029957203994,11.95735699788945,1.0,0.014841090679620477,1.8058155200777846,0.9492250142369464,0.2814242814242814,0.44623357763758426,0.44089156095168236
frozenset({'60 TEATIME FAIRY CAKE CASES'}),frozenset({'PACK OF 60 PINK PAISLEY CAKE CASES'}),0.03913097148500185,0.03461301073941489,0.016195531415874584,0.4138801261829653,11.95735699788945,1.0,0.014841090679620477,1.6470811388353364,0.9536882253778859,0.2814242814242814,0.3928653686684144,0.44089156095168236
frozenset({'JUMBO BAG SPACEBOY DESIGN'}),frozenset({'JUMBO STORAGE BAG SUKI'}),0.021256634983335392,0.03987162078755709,0.010122207134921615,0.47619047619047616,11.943093026684357,1.0,0.009274670645646545,1.8329723603146635,0.9361694077287862,0.19845111326234272,0.4544380364642643,0.3650302226153619
frozenset({'JUMBO STORAGE BAG SUKI'}),frozenset({'JUMBO BAG SPACEBOY DESIGN'}),0.03987162078755709,0.021256634983335392,0.010122207134921615,0.25386996904024767,11.943093026684357,1.0,0.009274670645646545,1.3117597796696376,0.954319876574955,0.19845111326234272,0.23766529855653395,0.3650302226153619
frozenset({'ASSORTED COLOUR BIRD ORNAMENT'}),frozenset({'PAINTED METAL PEARS ASSORTED'}),0.06181952845327737,0.016763362547833602,0.01231946673250216,0.19928115015974443,11.887898361149407,1.0,0.011283163564503757,1.2279424140549748,0.976230980948239,0.18591654247391953,0.18562956328078262,0.4670927105732448
frozenset({'PAINTED METAL PEARS ASSORTED'}),frozenset({'ASSORTED COLOUR BIRD ORNAMENT'}),0.016763362547833602,0.06181952845327737,0.01231946673250216,0.7349042709867452,11.887898361149405,1.0,0.011283163564503757,3.5390252232234696,0.9314958445993579,0.18591654247391953,0.7174363173684407,0.4670927105732448
frozenset({'JUMBO STORAGE BAG SUKI'}),frozenset({'JUMBO STORAGE BAG SKULLS'}),0.03987162078755709,0.023700777681767683,0.0112084927786693,0.2811145510835913,11.860984262125902,1.0,0.010263504358571662,1.3580734229491345,0.9537161745032583,0.214049976426214,0.26366278648731484,0.37701560887512897
frozenset({'JUMBO STORAGE BAG SKULLS'}),frozenset({'JUMBO STORAGE BAG SUKI'}),0.023700777681767683,0.03987162078755709,0.0112084927786693,0.47291666666666665,11.860984262125902,1.0,0.010263504358571662,1.821587438822026,0.9379193836498095,0.214049976426214,0.45102827419216596,0.37701560887512897
frozenset({'72 SWEETHEART FAIRY CAKE CASES'}),frozenset({'PACK OF 60 PINK PAISLEY CAKE CASES'}),0.026144920380199974,0.03461301073941489,0.01056659671645476,0.4041548630783759,11.676385684015417,1.0,0.009661642306553751,1.6201978155736287,0.9389046471196162,0.21052631578947373,0.38279141572231323,0.3547165185577329
frozenset({'PACK OF 60 PINK PAISLEY CAKE CASES'}),frozenset({'72 SWEETHEART FAIRY CAKE CASES'}),0.03461301073941489,0.026144920380199974,0.01056659671645476,0.30527817403708984,11.676385684015415,1.0,0.009661642306553751,1.401791397974291,0.947140442172733,0.21052631578947373,0.28662709626761457,0.3547165185577329
frozenset({'HEART OF WICKER SMALL'}),frozenset({'HEART OF WICKER LARGE'}),0.04271077644735218,0.04248858165658561,0.021108505122824344,0.49421965317919075,11.631822807683394,1.0,0.019293784810124847,1.8931368614104076,0.954809611606924,0.32935285053929125,0.47177617192716387,0.4955119183966843
frozenset({'HEART OF WICKER LARGE'}),frozenset({'HEART OF WICKER SMALL'}),0.04248858165658561,0.04271077644735218,0.021108505122824344,0.4968041836141778,11.631822807683392,1.0,0.019293784810124847,1.9024188842195229,0.9545880437824484,0.32935285053929125,0.4743534096013481,0.4955119183966843
frozenset({'LUNCH BAG CARS BLUE'}),frozenset({'LUNCH BAG WOODLAND'}),0.04034069867917541,0.03288482903345266,0.015232687322552771,0.37760097919216645,11.482528274908935,1.0,0.013906090343398058,1.5538507270003326,0.9512867375348297,0.26266496381438903,0.35643753764528385,0.4204070962026898
frozenset({'LUNCH BAG WOODLAND'}),frozenset({'LUNCH BAG CARS BLUE'}),0.03288482903345266,0.04034069867917541,0.015232687322552771,0.4632132132132132,11.482528274908935,1.0,0.013906090343398058,1.7877848802228506,0.9439528954819996,0.26266496381438903,0.4406485863806231,0.4204070962026898
frozenset({'LUNCH BAG SPACEBOY DESIGN '}),frozenset({'LUNCH BAG SUKI  DESIGN '}),0.04145167263300827,0.024021725712874954,0.011405999259350697,0.2751637879690292,11.45478852177341,1.0,0.010410258549020687,1.3464811195793616,0.9521692742601412,0.210958904109589,0.2573234147446506,0.3749919659269606
frozenset({'LUNCH BAG SUKI  DESIGN '}),frozenset({'LUNCH BAG SPACEBOY DESIGN '}),0.024021725712874954,0.04145167263300827,0.011405999259350697,0.4748201438848921,11.45478852177341,1.0,0.010410258549020687,1.8251810616987922,0.9351645310741739,0.210958904109589,0.45210915180697353,0.3749919659269606
frozenset({'LUNCH BAG SPACEBOY DESIGN '}),frozenset({'LUNCH BAG WOODLAND'}),0.04145167263300827,0.03288482903345266,0.015528947043574867,0.37462775461584275,11.392115015551584,1.0,0.014165815875887743,1.5464632114788885,0.9516682271734224,0.26406381192275397,0.3533632144771835,0.4234249884190325
frozenset({'LUNCH BAG WOODLAND'}),frozenset({'LUNCH BAG SPACEBOY DESIGN '}),0.03288482903345266,0.04145167263300827,0.015528947043574867,0.4722222222222222,11.392115015551584,1.0,0.014165815875887743,1.8161968308006158,0.9432382147968064,0.26406381192275397,0.4493988850541161,0.4234249884190325
frozenset({'LUNCH BAG PINK POLKADOT'}),frozenset({'LUNCH BAG CARS BLUE'}),0.024984569806196767,0.04034069867917541,0.011356622639180348,0.45454545454545453,11.267664404139312,1.0,0.01034872763699974,1.759375385754845,0.9346010685437924,0.2104300091491308,0.4316164656521221,0.36803160120173584
frozenset({'LUNCH BAG CARS BLUE'}),frozenset({'LUNCH BAG PINK POLKADOT'}),0.04034069867917541,0.024984569806196767,0.011356622639180348,0.28151774785801714,11.267664404139312,1.0,0.01034872763699974,1.3570487333361791,0.9495562244346685,0.2104300091491308,0.26310678796214476,0.36803160120173584
frozenset({'LUNCH BAG  BLACK SKULL.'}),frozenset({'LUNCH BAG PINK POLKADOT'}),0.04695716578200222,0.024984569806196767,0.012887297864461177,0.27444794952681384,10.98469782172292,1.0,0.011714093278079589,1.3438256146584155,0.9537496490207867,0.21822742474916382,0.25585582750319286,0.3951291131033278
frozenset({'LUNCH BAG PINK POLKADOT'}),frozenset({'LUNCH BAG  BLACK SKULL.'}),0.024984569806196767,0.04695716578200222,0.012887297864461177,0.5158102766798418,10.98469782172292,1.0,0.011714093278079589,1.9683252004665581,0.9322562910173811,0.21822742474916382,0.491953870344714,0.3951291131033278
frozenset({'60 TEATIME FAIRY CAKE CASES'}),frozenset({'PACK OF 72 RETRO SPOT CAKE CASES'}),0.03913097148500185,0.02463893346500432,0.010492531786199235,0.26813880126182965,10.882727600311032,1.0,0.009528386383359294,1.332713181429283,0.9450937065473672,0.1969416126042632,0.24965100223024808,0.3469952523343216
frozenset({'PACK OF 72 RETRO SPOT CAKE CASES'}),frozenset({'60 TEATIME FAIRY CAKE CASES'}),0.02463893346500432,0.03913097148500185,0.010492531786199235,0.4258517034068136,10.882727600311032,1.0,0.009528386383359294,1.6735554807294384,0.9310513847881017,0.1969416126042632,0.40246976481225555,0.3469952523343216
frozenset({'WOODEN PICTURE FRAME WHITE FINISH'}),frozenset({'WOOD 2 DRAWER CABINET WHITE FINISH'}),0.039772867547216394,0.025675842488581655,0.0111097395383286,0.27932960893854747,10.879082509669102,1.0,0.010088537655867051,1.3519691798026658,0.9456934231501002,0.20445252158109947,0.260338168251764,0.3560109583154276
frozenset({'WOOD 2 DRAWER CABINET WHITE FINISH'}),frozenset({'WOODEN PICTURE FRAME WHITE FINISH'}),0.025675842488581655,0.039772867547216394,0.0111097395383286,0.4326923076923077,10.879082509669102,1.0,0.010088537655867051,1.692603758899822,0.932010642341315,0.20445252158109947,0.40919426963225497,0.3560109583154276
frozenset({'PLEASE ONE PERSON METAL SIGN'}),frozenset({'GIN + TONIC DIET METAL SIGN'}),0.03313171213430441,0.03298358227379336,0.011677570670287619,0.3524590163934426,10.685892559144007,1.0,0.01058476811723415,1.4933671261088255,0.9374789564663846,0.21451247165532877,0.33037229592321465,0.3532504662805537
frozenset({'GIN + TONIC DIET METAL SIGN'}),frozenset({'PLEASE ONE PERSON METAL SIGN'}),0.03298358227379336,0.03313171213430441,0.011677570670287619,0.35404191616766467,10.685892559144007,1.0,0.01058476811723415,1.4967972567654337,0.9373353512240042,0.21451247165532877,0.3319068461142215,0.3532504662805537
frozenset({'JUMBO BAG RED RETROSPOT'}),frozenset({'JUMBO BAG PINK POLKADOT'}),0.05902974941365263,0.0243673620540674,0.015257375632637946,0.2584692597239649,10.60719084611874,1.0,0.013818976356714599,1.3157008670776789,0.9625430046090651,0.22391304347826088,0.23994881737737736,0.44230453867657205
frozenset({'JUMBO BAG PINK POLKADOT'}),frozenset({'JUMBO BAG RED RETROSPOT'}),0.0243673620540674,0.05902974941365263,0.015257375632637946,0.6261398176291793,10.60719084611874,1.0,0.013818976356714599,2.516904166202506,0.9283456672318918,0.22391304347826088,0.6026865013661622,0.44230453867657205
frozenset({'PACK OF 72 SKULL CAKE CASES'}),frozenset({'60 TEATIME FAIRY CAKE CASES'}),0.02574990741883718,0.03913097148500185,0.010591285026539934,0.4113135186960691,10.511201309012163,1.0,0.009583666133591979,1.6322254018585391,0.9287793786805495,0.1950886766712142,0.3873395188793494,0.3409879896319462
frozenset({'60 TEATIME FAIRY CAKE CASES'}),frozenset({'PACK OF 72 SKULL CAKE CASES'}),0.03913097148500185,0.02574990741883718,0.010591285026539934,0.27066246056782334,10.511201309012161,1.0,0.009583666133591979,1.3358013812639646,0.9417135622171593,0.1950886766712142,0.2513857119583317,0.3409879896319462
frozenset({'PLEASE ONE PERSON METAL SIGN'}),frozenset({'HAND OVER THE CHOCOLATE   SIGN '}),0.03313171213430441,0.031329465498086656,0.01078879150722133,0.32563338301043215,10.393837808382628,1.0,0.0097507926750171,1.4364153119354337,0.9347593239801426,0.2010119595216191,0.3038225144978478,0.3349995126242074
frozenset({'HAND OVER THE CHOCOLATE   SIGN '}),frozenset({'PLEASE ONE PERSON METAL SIGN'}),0.031329465498086656,0.03313171213430441,0.01078879150722133,0.34436564223798266,10.393837808382628,1.0,0.0097507926750171,1.4747065592566917,0.9330201703801184,0.2010119595216191,0.32189899494036434,0.3349995126242074
frozenset({'WOODEN FRAME ANTIQUE WHITE '}),frozenset({'WOOD 2 DRAWER CABINET WHITE FINISH'}),0.04243920503641526,0.025675842488581655,0.011307246019009998,0.2664339732402559,10.376834698169775,1.0,0.01021758367515438,1.328202400287175,0.9436805519121045,0.19904389395914815,0.24710270077528357,0.3534092943124356
frozenset({'WOOD 2 DRAWER CABINET WHITE FINISH'}),frozenset({'WOODEN FRAME ANTIQUE WHITE '}),0.025675842488581655,0.04243920503641526,0.011307246019009998,0.4403846153846154,10.376834698169775,1.0,0.01021758367515438,1.7111052006222132,0.92744441622863,0.19904389395914815,0.4155823968997537,0.3534092943124356
frozenset({'JUMBO BAG PINK VINTAGE PAISLEY'}),frozenset({'JUMBO BAG STRAWBERRY'}),0.027873102086162203,0.035674608073077395,0.010295025305517838,0.3693534100974314,10.353397838059834,1.0,0.009300663312813125,1.5291058532099657,0.9293162787933003,0.1933240611961057,0.34602303829996056,0.32896736248816205
frozenset({'JUMBO BAG STRAWBERRY'}),frozenset({'JUMBO BAG PINK VINTAGE PAISLEY'}),0.035674608073077395,0.027873102086162203,0.010295025305517838,0.28858131487889277,10.353397838059832,1.0,0.009300663312813125,1.3664624197329722,0.9368345569320273,0.1933240611961057,0.26818331367253023,0.32896736248816205
frozenset({'JUMBO BAG PINK VINTAGE PAISLEY'}),frozenset({'JUMBO SHOPPER VINTAGE RED PAISLEY'}),0.027873102086162203,0.0394766078261943,0.011183804468584125,0.4012400354295837,10.163994768652463,1.0,0.010083468948629222,1.6041877363376134,0.9274648086305303,0.19912087912087909,0.37663156415656424,0.3422710496097262
frozenset({'JUMBO SHOPPER VINTAGE RED PAISLEY'}),frozenset({'JUMBO BAG PINK VINTAGE PAISLEY'}),0.0394766078261943,0.027873102086162203,0.011183804468584125,0.28330206378986866,10.163994768652463,1.0,0.010083468948629222,1.356396954419046,0.9386689534939539,0.19912087912087909,0.2627526943775048,0.3422710496097262
frozenset({'CHOCOLATE HOT WATER BOTTLE'}),frozenset({'SCOTTIE DOG HOT WATER BOTTLE'}),0.034119244537711396,0.03404517960745587,0.01162819405011727,0.3408104196816208,10.010533755767984,1.0,0.010466598241760177,1.4653672467425862,0.9319009842820832,0.20567685589519646,0.3175772133416156,0.34118113442384157
frozenset({'SCOTTIE DOG HOT WATER BOTTLE'}),frozenset({'CHOCOLATE HOT WATER BOTTLE'}),0.03404517960745587,0.034119244537711396,0.01162819405011727,0.34155184916606235,10.010533755767984,1.0,0.010466598241760177,1.4669048037252157,0.9318295304418529,0.20567685589519646,0.31829250442121915,0.34118113442384157
frozenset({'LUNCH BAG  BLACK SKULL.'}),frozenset({'LUNCH BAG WOODLAND'}),0.04695716578200222,0.03288482903345266,0.015454882113319343,0.3291272344900105,10.008482457220627,1.0,0.013910703744682706,1.4415776294501355,0.9444326323692004,0.24003067484662577,0.3063155396068179,0.3995486022299902
frozenset({'LUNCH BAG WOODLAND'}),frozenset({'LUNCH BAG  BLACK SKULL.'}),0.03288482903345266,0.04695716578200222,0.015454882113319343,0.4699699699699699,10.008482457220627,1.0,0.013910703744682706,1.7980921461450043,0.9306903455785424,0.24003067484662577,0.44385497587321276,0.3995486022299902
frozenset({'JUMBO  BAG BAROQUE BLACK WHITE'}),frozenset({'JUMBO BAG STRAWBERRY'}),0.034637699049500065,0.035674608073077395,0.012220713492161462,0.3528153955808981,9.889818406923375,1.0,0.010985027154017342,1.4900314150588905,0.9311384005261556,0.21036974075648107,0.3288732103943748,0.347687974607058
frozenset({'JUMBO BAG STRAWBERRY'}),frozenset({'JUMBO  BAG BAROQUE BLACK WHITE'}),0.035674608073077395,0.034637699049500065,0.012220713492161462,0.342560553633218,9.889818406923375,1.0,0.010985027154017342,1.4683668682878657,0.9321396246127429,0.21036974075648107,0.318971285993389,0.347687974607058
frozenset({'LUNCH BAG RED RETROSPOT'}),frozenset({'LUNCH BAG WOODLAND'}),0.033008270583878535,0.03288482903345266,0.010714726576965808,0.32460732984293195,9.871035957423391,1.0,0.009629255242125018,1.4319302143768258,0.9293704208834072,0.19418344519015662,0.3016419445865254,0.32521657783437885
frozenset({'LUNCH BAG WOODLAND'}),frozenset({'LUNCH BAG RED RETROSPOT'}),0.03288482903345266,0.033008270583878535,0.010714726576965808,0.3258258258258258,9.871035957423391,1.0,0.009629255242125018,1.4343351710270307,0.9292517970326831,0.19418344519015662,0.30281288488243147,0.32521657783437885
frozenset({'WOODEN FRAME ANTIQUE WHITE '}),frozenset({'WOOD S/3 CABINET ANT WHITE FINISH'}),0.04243920503641526,0.0242686088137267,0.010122207134921615,0.2385107620709715,9.827953629384233,1.0,0.009092266669527314,1.2813462654310188,0.938059936134864,0.17888307155322863,0.21957083188312082,0.3278006506183952
frozenset({'WOOD S/3 CABINET ANT WHITE FINISH'}),frozenset({'WOODEN FRAME ANTIQUE WHITE '}),0.0242686088137267,0.04243920503641526,0.010122207134921615,0.4170905391658189,9.827953629384231,1.0,0.009092266669527314,1.6427264597717341,0.9205908780660603,0.17888307155322863,0.39125592453234403,0.3278006506183952
frozenset({'LUNCH BAG SPACEBOY DESIGN '}),frozenset({'LUNCH BAG CARS BLUE'}),0.04145167263300827,0.04034069867917541,0.01597333662510801,0.3853484216795712,9.552348727130374,1.0,0.014301147189672004,1.5613061694938608,0.9340308455009235,0.24268567141785446,0.3595106331231775,0.39065462699645637
frozenset({'LUNCH BAG CARS BLUE'}),frozenset({'LUNCH BAG SPACEBOY DESIGN '}),0.04034069867917541,0.04145167263300827,0.01597333662510801,0.3959608323133415,9.552348727130374,1.0,0.014301147189672004,1.5868976361881098,0.9329495409796212,0.24268567141785446,0.3698396309908798,0.39065462699645637
frozenset({'JUMBO STORAGE BAG SUKI'}),frozenset({'JUMBO BAG STRAWBERRY'}),0.03987162078755709,0.035674608073077395,0.013331687445994321,0.33436532507739936,9.372641863155753,1.0,0.011909283001159857,1.4487307050809115,0.9304031789567917,0.21428571428571427,0.3097405911996944,0.35403387361136407
frozenset({'JUMBO BAG STRAWBERRY'}),frozenset({'JUMBO STORAGE BAG SUKI'}),0.035674608073077395,0.03987162078755709,0.013331687445994321,0.3737024221453287,9.372641863155753,1.0,0.011909283001159857,1.5330226607314694,0.9263538051620489,0.21428571428571427,0.3476939215478668,0.35403387361136407
frozenset({'LUNCH BAG  BLACK SKULL.'}),frozenset({'LUNCH BAG SPACEBOY DESIGN '}),0.04695716578200222,0.04145167263300827,0.018047154672262682,0.3843322818086225,9.271816006347978,1.0,0.01610070160849323,1.5569247810862668,0.9361030076658489,0.25649122807017544,0.3577082129155271,0.40985524155946307
frozenset({'LUNCH BAG SPACEBOY DESIGN '}),frozenset({'LUNCH BAG  BLACK SKULL.'}),0.04145167263300827,0.04695716578200222,0.018047154672262682,0.4353782013103037,9.271816006347976,1.0,0.01610070160849323,1.6879313487890486,0.9307264308691281,0.25649122807017544,0.4075588437187227,0.40985524155946307
frozenset({'LUNCH BAG  BLACK SKULL.'}),frozenset({'LUNCH BAG CARS BLUE'}),0.04695716578200222,0.04034069867917541,0.017504011850388843,0.37276550998948477,9.24043266959858,1.0,0.015609726974749005,1.5299849045366374,0.9357186552767245,0.2507958967102937,0.34639878012204683,0.4033350193766273
frozenset({'LUNCH BAG CARS BLUE'}),frozenset({'LUNCH BAG  BLACK SKULL.'}),0.04034069867917541,0.04695716578200222,0.017504011850388843,0.4339045287637699,9.24043266959858,1.0,0.015609726974749005,1.6835372876888741,0.9292672493542072,0.2507958967102937,0.40601256217331555,0.4033350193766273
frozenset({'JUMBO  BAG BAROQUE BLACK WHITE'}),frozenset({'JUMBO STORAGE BAG SUKI'}),0.034637699049500065,0.03987162078755709,0.012665103073694606,0.36564504632929434,9.170558886419856,1.0,0.011284041872239413,1.513550692174222,0.9229233325187496,0.20479041916167662,0.33930194398477936,0.3416460525764119
frozenset({'JUMBO STORAGE BAG SUKI'}),frozenset({'JUMBO  BAG BAROQUE BLACK WHITE'}),0.03987162078755709,0.034637699049500065,0.012665103073694606,0.31764705882352945,9.170558886419856,1.0,0.011284041872239413,1.4147550962205602,0.9279544393969695,0.20479041916167662,0.29316388209419114,0.3416460525764119
frozenset({'LUNCH BAG  BLACK SKULL.'}),frozenset({'LUNCH BAG RED RETROSPOT'}),0.04695716578200222,0.033008270583878535,0.014047648438464387,0.29915878023133546,9.063146143059269,1.0,0.012497673604480015,1.3797586416725154,0.9334974329967981,0.21310861423220973,0.2752355594687051,0.3623692180887418
frozenset({'LUNCH BAG RED RETROSPOT'}),frozenset({'LUNCH BAG  BLACK SKULL.'}),0.033008270583878535,0.04695716578200222,0.014047648438464387,0.4255796559461481,9.063146143059269,1.0,0.012497673604480015,1.65913837154878,0.9200316943927541,0.21310861423220973,0.3972775163613898,0.3623692180887418
frozenset({'LUNCH BAG RED RETROSPOT'}),frozenset({'LUNCH BAG CARS BLUE'}),0.033008270583878535,0.04034069867917541,0.011850388840883842,0.35901271503365745,8.899516537599936,1.0,0.010518812143338909,1.497158093192465,0.9179337511914488,0.1926936973103171,0.33206786608109634,0.32638518248622894
frozenset({'LUNCH BAG CARS BLUE'}),frozenset({'LUNCH BAG RED RETROSPOT'}),0.04034069867917541,0.033008270583878535,0.011850388840883842,0.2937576499388005,8.899516537599935,1.0,0.010518812143338909,1.3692066601957906,0.9249473686467204,0.1926936973103171,0.2696500615495076,0.32638518248622894
frozenset({'LUNCH BAG SUKI  DESIGN '}),frozenset({'LUNCH BAG  BLACK SKULL.'}),0.024021725712874954,0.04695716578200222,0.010023453894580916,0.4172661870503597,8.886102474487288,1.0,0.008895461737911661,1.6354685673617495,0.9093078675677845,0.1644390441474281,0.38855443635144477,0.3153628516744964
frozenset({'LUNCH BAG  BLACK SKULL.'}),frozenset({'LUNCH BAG SUKI  DESIGN '}),0.04695716578200222,0.024021725712874954,0.010023453894580916,0.21345951629863302,8.886102474487288,1.0,0.008895461737911661,1.2408493834853689,0.9311908043594969,0.1644390441474281,0.19410041757756075,0.3153628516744964
frozenset({'LUNCH BAG RED RETROSPOT'}),frozenset({'LUNCH BAG SPACEBOY DESIGN '}),0.033008270583878535,0.04145167263300827,0.011924453771139366,0.3612565445026178,8.715125869611992,1.0,0.010556205744714676,1.5006781190745526,0.9154752178649238,0.19068298460323724,0.33363458339974594,0.324463888689665
frozenset({'LUNCH BAG SPACEBOY DESIGN '}),frozenset({'LUNCH BAG RED RETROSPOT'}),0.04145167263300827,0.033008270583878535,0.011924453771139366,0.2876712328767123,8.71512586961199,1.0,0.010556205744714676,1.3575076201418628,0.9235392091210358,0.19068298460323724,0.26335588459127945,0.324463888689665
frozenset({'JUMBO SHOPPER VINTAGE RED PAISLEY'}),frozenset({'JUMBO STORAGE BAG SUKI'}),0.0394766078261943,0.03987162078755709,0.013232934205653623,0.33520950594121324,8.407220457058106,1.0,0.011658937868428495,1.4442570821831573,0.9172651400121686,0.20014936519790888,0.30760249519539323,0.33354902541642706
frozenset({'JUMBO STORAGE BAG SUKI'}),frozenset({'JUMBO SHOPPER VINTAGE RED PAISLEY'}),0.03987162078755709,0.0394766078261943,0.013232934205653623,0.3318885448916408,8.407220457058106,1.0,0.011658937868428495,1.437669396071081,0.9176425183161078,0.20014936519790888,0.30442979259846586,0.33354902541642706
frozenset({'JUMBO SHOPPER VINTAGE RED PAISLEY'}),frozenset({'JUMBO  BAG BAROQUE BLACK WHITE'}),0.0394766078261943,0.034637699049500065,0.011356622639180348,0.2876797998749218,8.305395790401787,1.0,0.009989243777801492,1.3552364523440295,0.9157469284943197,0.18095987411487013,0.26212138238283744,0.3077743261669691
frozenset({'JUMBO  BAG BAROQUE BLACK WHITE'}),frozenset({'JUMBO SHOPPER VINTAGE RED PAISLEY'}),0.034637699049500065,0.0394766078261943,0.011356622639180348,0.32786885245901637,8.305395790401787,1.0,0.009989243777801492,1.4290713883561497,0.9111567183264284,0.18095987411487013,0.3002448945883015,0.3077743261669691
frozenset({'JUMBO BAG RED RETROSPOT'}),frozenset({'JUMBO BAG STRAWBERRY'}),0.05902974941365263,0.035674608073077395,0.01723244043945192,0.29192806357172735,8.183076965379112,1.0,0.015126577264467894,1.3619031376829724,0.9328632636248998,0.22243467176545573,0.2657333900402667,0.3874865231353447
frozenset({'JUMBO BAG STRAWBERRY'}),frozenset({'JUMBO BAG RED RETROSPOT'}),0.035674608073077395,0.05902974941365263,0.01723244043945192,0.483044982698962,8.183076965379112,1.0,0.015126577264467894,1.8202168836643535,0.9102701082897959,0.22243467176545573,0.45061491903818696,0.3874865231353447
frozenset({'GREEN REGENCY TEACUP AND SAUCER'}),frozenset({'REGENCY CAKESTAND 3 TIER'}),0.020441920750524627,0.07050981360325885,0.011085051228243426,0.5422705314009661,7.690710040054669,1.0,0.009643695206431345,2.0306540219960465,0.888128037016952,0.13879443585780524,0.5075478199791796,0.3497417082775139
frozenset({'REGENCY CAKESTAND 3 TIER'}),frozenset({'GREEN REGENCY TEACUP AND SAUCER'}),0.07050981360325885,0.020441920750524627,0.011085051228243426,0.15721288515406162,7.690710040054669,1.0,0.009643695206431345,1.1622841189599094,0.9359679174671731,0.13879443585780524,0.13962517108564826,0.3497417082775139
frozenset({'REGENCY CAKESTAND 3 TIER'}),frozenset({'ROSES REGENCY TEACUP AND SAUCER '}),0.07050981360325885,0.022713245278360696,0.012171336871991113,0.17261904761904764,7.599928830227745,1.0,0.0105698301810888,1.1811811136203987,0.9342969222977026,0.15016752969844654,0.1533897820843634,0.3542443064182195
frozenset({'ROSES REGENCY TEACUP AND SAUCER '}),frozenset({'REGENCY CAKESTAND 3 TIER'}),0.022713245278360696,0.07050981360325885,0.012171336871991113,0.5358695652173914,7.599928830227745,1.0,0.0105698301810888,2.0026486451639394,0.8886028755232085,0.15016752969844654,0.5006612855356168,0.3542443064182195
frozenset({'JUMBO SHOPPER VINTAGE RED PAISLEY'}),frozenset({'JUMBO BAG STRAWBERRY'}),0.0394766078261943,0.035674608073077395,0.01056659671645476,0.267667292057536,7.503019837225256,1.0,0.009158284204200697,1.3167859109232702,0.9023417213115148,0.1636085626911315,0.2405751066254607,0.2819305318419168
frozenset({'JUMBO BAG STRAWBERRY'}),frozenset({'JUMBO SHOPPER VINTAGE RED PAISLEY'}),0.035674608073077395,0.0394766078261943,0.01056659671645476,0.2961937716262976,7.503019837225256,1.0,0.009158284204200697,1.364755458890019,0.898784101621756,0.1636085626911315,0.26726799773102317,0.2819305318419168
frozenset({'JUMBO  BAG BAROQUE BLACK WHITE'}),frozenset({'JUMBO BAG RED RETROSPOT'}),0.034637699049500065,0.05902974941365263,0.015059869151956548,0.4347826086956521,7.365482879639226,1.0,0.013015214456799045,1.6647935202681527,0.8952406526520382,0.1915829145728643,0.399324908569486,0.34495299401742036
frozenset({'JUMBO BAG RED RETROSPOT'}),frozenset({'JUMBO  BAG BAROQUE BLACK WHITE'}),0.05902974941365263,0.034637699049500065,0.015059869151956548,0.2551233793391886,7.3654828796392255,1.0,0.013015214456799045,1.2960029542799805,0.918447289709818,0.1915829145728643,0.22839682062640873,0.34495299401742036
frozenset({'JUMBO BAG RED RETROSPOT'}),frozenset({'JUMBO STORAGE BAG SUKI'}),0.05902974941365263,0.03987162078755709,0.017158375509196397,0.29067335842743625,7.290231816163037,1.0,0.014804763725390718,1.3535772138543343,0.9169579485700415,0.20990637269707038,0.2612168779404296,0.360506957851489
frozenset({'JUMBO STORAGE BAG SUKI'}),frozenset({'JUMBO BAG RED RETROSPOT'}),0.03987162078755709,0.05902974941365263,0.017158375509196397,0.4303405572755418,7.290231816163037,1.0,0.014804763725390718,1.6518119072792947,0.8986612304396647,0.20990637269707038,0.3946041945858693,0.360506957851489
frozenset({'JUMBO STORAGE BAG SKULLS'}),frozenset({'JUMBO BAG RED RETROSPOT'}),0.023700777681767683,0.05902974941365263,0.01004814220466609,0.4239583333333333,7.182113045448209,1.0,0.008649091237202654,1.6335107424283786,0.8816612679300757,0.13824728260869568,0.3878215955204562,0.29708999895441235
frozenset({'JUMBO BAG RED RETROSPOT'}),frozenset({'JUMBO STORAGE BAG SKULLS'}),0.05902974941365263,0.023700777681767683,0.01004814220466609,0.17022166457549143,7.182113045448209,1.0,0.008649091237202654,1.17657834705791,0.9147634685494792,0.13824728260869568,0.1500778486187958,0.29708999895441235
frozenset({'JUMBO BAG RED RETROSPOT'}),frozenset({'JUMBO BAG PINK VINTAGE PAISLEY'}),0.05902974941365263,0.027873102086162203,0.011801012220713492,0.1999163529903806,7.1723754454166215,1.0,0.010155669989186178,1.2150315801944518,0.9145625774076142,0.15713346482577253,0.17697612448891117,0.31164993911697947
frozenset({'JUMBO BAG PINK VINTAGE PAISLEY'}),frozenset({'JUMBO BAG RED RETROSPOT'}),0.027873102086162203,0.05902974941365263,0.011801012220713492,0.42338352524357836,7.1723754454166215,1.0,0.010155669989186178,1.6318823547035117,0.885250865382817,0.15713346482577253,0.3872107280786887,0.31164993911697947
frozenset({'JUMBO SHOPPER VINTAGE RED PAISLEY'}),frozenset({'JUMBO BAG RED RETROSPOT'}),0.0394766078261943,0.05902974941365263,0.01565238859400074,0.3964978111319575,6.7169150313257795,1.0,0.013322094326319454,1.5591828297280512,0.886102449307163,0.18891537544696066,0.3586383963871527,0.3308294158127374
frozenset({'JUMBO BAG RED RETROSPOT'}),frozenset({'JUMBO SHOPPER VINTAGE RED PAISLEY'}),0.05902974941365263,0.0394766078261943,0.01565238859400074,0.26516102049351736,6.716915031325779,1.0,0.013322094326319454,1.3071209053429533,0.9045154508250114,0.18891537544696066,0.23495982972009255,0.3308294158127374
frozenset({'WHITE HANGING HEART T-LIGHT HOLDER'}),frozenset({'RED HANGING HEART T-LIGHT HOLDER'}),0.11605974571040613,0.03826688063202074,0.02700901123318109,0.23271644330993405,6.081406152431534,1.0,0.022567766797898296,1.2534259479203964,0.9452724226578301,0.2121388404110917,0.2021866136893564,0.4692614474614186
frozenset({'RED HANGING HEART T-LIGHT HOLDER'}),frozenset({'WHITE HANGING HEART T-LIGHT HOLDER'}),0.03826688063202074,0.11605974571040613,0.02700901123318109,0.7058064516129032,6.081406152431534,1.0,0.022567766797898296,3.004621478396646,0.8688110337784867,0.2121388404110917,0.6671793744436556,0.4692614474614186
frozenset({'JUMBO BAG RED RETROSPOT'}),frozenset({'LUNCH BAG RED RETROSPOT'}),0.05902974941365263,0.033008270583878535,0.011381310949265522,0.1928063571727311,5.8411529523421635,1.0,0.009432841008121131,1.197967474110853,0.8807939692738203,0.14110805019895928,0.16525279558010297,0.26880407611815316
frozenset({'LUNCH BAG RED RETROSPOT'}),frozenset({'JUMBO BAG RED RETROSPOT'}),0.033008270583878535,0.05902974941365263,0.011381310949265522,0.34480179506357517,5.8411529523421635,1.0,0.009432841008121131,1.4361612157921761,0.8570920482256532,0.14110805019895928,0.3036993416867847,0.26880407611815316
"frozenset({'WOODEN FRAME ANTIQUE WHITE ', 'WOODEN PICTURE FRAME WHITE FINISH'})",frozenset({'WHITE HANGING HEART T-LIGHT HOLDER'}),0.02399703740278978,0.11605974571040613,0.010591285026539934,0.44135802469135804,3.802851901749299,1.0,0.007806194967769048,1.5823018916565106,0.7551610860997956,0.08180778032036613,0.36800935063466256,0.2663076020074531
frozenset({'WHITE HANGING HEART T-LIGHT HOLDER'}),"frozenset({'WOODEN FRAME ANTIQUE WHITE ', 'WOODEN PICTURE FRAME WHITE FINISH'})",0.11605974571040613,0.02399703740278978,0.010591285026539934,0.09125717932354818,3.802851901749299,1.0,0.007806194967769048,1.0740144960602727,0.833811395843571,0.08180778032036613,0.06891387065237446,0.2663076020074531
frozenset({'CREAM HEART CARD HOLDER'}),frozenset({'WHITE HANGING HEART T-LIGHT HOLDER'}),0.02676212813232934,0.11605974571040613,0.011702258980372793,0.43726937269372695,3.7676230463644775,1.0,0.008596253194665344,1.5708053043441306,0.7547801900869517,0.08924872905290905,0.3633838660752824,0.26904949170742504
frozenset({'WHITE HANGING HEART T-LIGHT HOLDER'}),frozenset({'CREAM HEART CARD HOLDER'}),0.11605974571040613,0.02676212813232934,0.011702258980372793,0.10082961072112316,3.7676230463644775,1.0,0.008596253194665344,1.0823731335817175,0.8310297696742744,0.08924872905290905,0.07610419274648268,0.26904949170742504
frozenset({'LUNCH BAG  BLACK SKULL.'}),frozenset({'JUMBO BAG RED RETROSPOT'}),0.04695716578200222,0.05902974941365263,0.010220960375262314,0.21766561514195584,3.6873884321726984,1.0,0.0074490906459753784,1.20277245740271,0.7647141639138206,0.10672853828306264,0.16858754634320516,0.19540746252706326
frozenset({'JUMBO BAG RED RETROSPOT'}),frozenset({'LUNCH BAG  BLACK SKULL.'}),0.05902974941365263,0.04695716578200222,0.010220960375262314,0.17314930991217065,3.6873884321726984,1.0,0.0074490906459753784,1.1526178131589442,0.7745253940695077,0.10672853828306264,0.13240972976174062,0.19540746252706326
frozenset({'WOODEN PICTURE FRAME WHITE FINISH'}),frozenset({'WHITE HANGING HEART T-LIGHT HOLDER'}),0.039772867547216394,0.11605974571040613,0.01622021972595976,0.40782122905027934,3.5138904238846127,1.0,0.01160419083225616,1.4926915614890313,0.7450478328523399,0.11618037135278514,0.33006923479727307,0.27378936372743706
frozenset({'WHITE HANGING HEART T-LIGHT HOLDER'}),frozenset({'WOODEN PICTURE FRAME WHITE FINISH'}),0.11605974571040613,0.039772867547216394,0.01622021972595976,0.13975749840459475,3.5138904238846123,1.0,0.01160419083225616,1.1162284247429612,0.8093478497083819,0.11618037135278514,0.10412602131120766,0.27378936372743706
frozenset({'WHITE HANGING HEART T-LIGHT HOLDER'}),frozenset({'WOOD 2 DRAWER CABINET WHITE FINISH'}),0.11605974571040613,0.025675842488581655,0.010245648685347488,0.08827908955541375,3.4382158869634942,1.0,0.00726571693522226,1.068664924046005,0.8022617786529875,0.07791963950431843,0.064252996894515,0.24365877554693766
frozenset({'WOOD 2 DRAWER CABINET WHITE FINISH'}),frozenset({'WHITE HANGING HEART T-LIGHT HOLDER'}),0.025675842488581655,0.11605974571040613,0.010245648685347488,0.39903846153846156,3.438215886963494,1.0,0.00726571693522226,1.4708765831378843,0.7278393696412407,0.07791963950431843,0.32013330590479794,0.24365877554693766
frozenset({'ZINC METAL HEART DECORATION'}),frozenset({'WHITE HANGING HEART T-LIGHT HOLDER'}),0.029576595482039253,0.11605974571040613,0.011677570670287619,0.3948247078464107,3.4019091238712753,1.0,0.008244918519662596,1.4606350684674945,0.7275663448526913,0.08717287136011795,0.3153662940263341,0.247720798934905
frozenset({'WHITE HANGING HEART T-LIGHT HOLDER'}),frozenset({'ZINC METAL HEART DECORATION'}),0.11605974571040613,0.029576595482039253,0.011677570670287619,0.10061689002339927,3.4019091238712753,1.0,0.008244918519662596,1.078987801475623,0.7987501485064444,0.08717287136011795,0.07320546290476983,0.247720798934905
frozenset({'WHITE HANGING HEART T-LIGHT HOLDER'}),frozenset({'WOODEN FRAME ANTIQUE WHITE '}),0.11605974571040613,0.04243920503641526,0.016269596346130108,0.14018293980004254,3.30314716498006,1.0,0.011344113001451966,1.1136796875615564,0.7888071779774184,0.11438986287102933,0.10207574837829946,0.26177267990583863
frozenset({'WOODEN FRAME ANTIQUE WHITE '}),frozenset({'WHITE HANGING HEART T-LIGHT HOLDER'}),0.04243920503641526,0.11605974571040613,0.016269596346130108,0.3833624200116347,3.30314716498006,1.0,0.011344113001451966,1.433484242569634,0.7281609910870801,0.11438986287102933,0.3023990286719714,0.26177267990583863
frozenset({'HEART OF WICKER LARGE'}),frozenset({'WHITE HANGING HEART T-LIGHT HOLDER'}),0.04248858165658561,0.11605974571040613,0.015874583384767313,0.37361998837884947,3.219203920290427,1.0,0.01094336940210816,1.4111884764678952,0.7199540205770188,0.11126492472746148,0.2913774335070187,0.2551996985076549
frozenset({'WHITE HANGING HEART T-LIGHT HOLDER'}),frozenset({'HEART OF WICKER LARGE'}),0.11605974571040613,0.04248858165658561,0.015874583384767313,0.13677940863646032,3.219203920290427,1.0,0.01094336940210816,1.1092314385491353,0.7798764588889256,0.11126492472746148,0.09847488517996661,0.2551996985076549
frozenset({'WHITE HANGING HEART T-LIGHT HOLDER'}),frozenset({'LOVE BUILDING BLOCK WORD'}),0.11605974571040613,0.03569929638316257,0.01310949265522775,0.1129546904913848,3.16405929346718,1.0,0.00896624139495748,1.0870929514874708,0.7737517254960623,0.09455128205128206,0.08011545964703505,0.24008730375191648
frozenset({'LOVE BUILDING BLOCK WORD'}),frozenset({'WHITE HANGING HEART T-LIGHT HOLDER'}),0.03569929638316257,0.11605974571040613,0.01310949265522775,0.36721991701244816,3.16405929346718,1.0,0.00896624139495748,1.3969154182543746,0.7092707642197961,0.09455128205128206,0.2841370444249026,0.24008730375191648
frozenset({'WHITE HANGING HEART T-LIGHT HOLDER'}),frozenset({'HOME BUILDING BLOCK WORD'}),0.11605974571040613,0.04364893223058881,0.014245154919145785,0.12273984258668368,2.8119781244194697,1.0,0.009179270943932897,1.0901567336527647,0.7289841747685792,0.09792939579090293,0.08270070795295512,0.22454865432501606
frozenset({'HOME BUILDING BLOCK WORD'}),frozenset({'WHITE HANGING HEART T-LIGHT HOLDER'}),0.04364893223058881,0.11605974571040613,0.014245154919145785,0.3263574660633484,2.8119781244194697,1.0,0.009179270943932897,1.3121799912544097,0.6737886102024992,0.09792939579090293,0.23790942807775467,0.22454865432501606
frozenset({'HEART OF WICKER SMALL'}),frozenset({'WHITE HANGING HEART T-LIGHT HOLDER'}),0.04271077644735218,0.11605974571040613,0.013652635477101592,0.3196531791907514,2.754212300174726,1.0,0.008695633623527894,1.299249481666098,0.665336835711196,0.09407961891799932,0.2303248805474636,0.21864386251603088
frozenset({'WHITE HANGING HEART T-LIGHT HOLDER'}),frozenset({'HEART OF WICKER SMALL'}),0.11605974571040613,0.04271077644735218,0.013652635477101592,0.11763454584131035,2.7542123001747254,1.0,0.008695633623527894,1.0849124011381381,0.7205461905011067,0.09407961891799932,0.07826659650038106,0.21864386251603088
frozenset({'NATURAL SLATE HEART CHALKBOARD '}),frozenset({'WHITE HANGING HEART T-LIGHT HOLDER'}),0.03910628317491668,0.11605974571040613,0.011751635600543143,0.3005050505050505,2.589227200746026,1.0,0.007212970319583179,1.2636835404284448,0.6387640639874047,0.08194181442589087,0.20866263743456237,0.20088005131081071
frozenset({'WHITE HANGING HEART T-LIGHT HOLDER'}),frozenset({'NATURAL SLATE HEART CHALKBOARD '}),0.11605974571040613,0.03910628317491668,0.011751635600543143,0.10125505211657093,2.589227200746026,1.0,0.007212970319583179,1.0691506184129507,0.6943731464208965,0.08194181442589087,0.06467808858923732,0.20088005131081071
frozenset({'STRAWBERRY CERAMIC TRINKET BOX'}),frozenset({'WHITE HANGING HEART T-LIGHT HOLDER'}),0.04090852981113443,0.11605974571040613,0.010986297987902727,0.2685576342788171,2.313960216222822,1.0,0.006238464420635897,1.208489275047737,0.5920607889232363,0.07525790630813461,0.17252058363488681,0.18160917238297375
frozenset({'WHITE HANGING HEART T-LIGHT HOLDER'}),frozenset({'STRAWBERRY CERAMIC TRINKET BOX'}),0.11605974571040613,0.04090852981113443,0.010986297987902727,0.09466071048713039,2.313960216222822,1.0,0.006238464420635897,1.0593724157325792,0.6423968698494549,0.07525790630813461,0.05604489493104449,0.18160917238297375
frozenset({'ASSORTED COLOUR BIRD ORNAMENT'}),frozenset({'WHITE HANGING HEART T-LIGHT HOLDER'}),0.06181952845327737,0.11605974571040613,0.015356128872978644,0.24840255591054314,2.140298984717411,1.0,0.008181370120754056,1.1760820386509794,0.5678817387696093,0.0944857967492025,0.1497191801797718,0.19035741494740088
frozenset({'WHITE HANGING HEART T-LIGHT HOLDER'}),frozenset({'ASSORTED COLOUR BIRD ORNAMENT'}),0.11605974571040613,0.06181952845327737,0.015356128872978644,0.13231227398425865,2.1402989847174108,1.0,0.008181370120754056,1.0812420683356565,0.6027280179584382,0.0944857967492025,0.07513772421074175,0.19035741494740088
frozenset({'REX CASH+CARRY JUMBO SHOPPER'}),frozenset({'WHITE HANGING HEART T-LIGHT HOLDER'}),0.045500555486976915,0.11605974571040613,0.010492531786199235,0.23060227889310908,1.9869273147341806,1.0,0.00521174888669847,1.148872982126743,0.5203882821557573,0.06945579343029908,0.1295817592047085,0.16050428771288086
frozenset({'WHITE HANGING HEART T-LIGHT HOLDER'}),frozenset({'REX CASH+CARRY JUMBO SHOPPER'}),0.11605974571040613,0.045500555486976915,0.010492531786199235,0.09040629653265263,1.9869273147341806,1.0,0.00521174888669847,1.04936901044334,0.5619274875630065,0.06945579343029908,0.04704637734869109,0.16050428771288086
frozenset({'WHITE HANGING HEART T-LIGHT HOLDER'}),frozenset({'PARTY BUNTING'}),0.11605974571040613,0.04794469818540921,0.010492531786199235,0.09040629653265263,1.8856369933342403,1.0,0.004928082306638472,1.0466819396235714,0.53134273528426,0.06834995175297524,0.044599928456165096,0.15462642324057965
frozenset({'PARTY BUNTING'}),frozenset({'WHITE HANGING HEART T-LIGHT HOLDER'}),0.04794469818540921,0.11605974571040613,0.010492531786199235,0.2188465499485067,1.8856369933342403,1.0,0.004928082306638472,1.1315833710154195,0.493327679229252,0.06834995175297524,0.11628252445716297,0.15462642324057965
frozenset({'JUMBO BAG RED RETROSPOT'}),frozenset({'WHITE HANGING HEART T-LIGHT HOLDER'}),0.05902974941365263,0.11605974571040613,0.010418466855943711,0.1764951902969469,1.520727011907644,1.0,0.0035674891496461913,1.0733880893887349,0.36390075222076357,0.06326836581709147,0.06837050840626283,0.13313166236821394
frozenset({'WHITE HANGING HEART T-LIGHT HOLDER'}),frozenset({'JUMBO BAG RED RETROSPOT'}),0.11605974571040613,0.05902974941365263,0.010418466855943711,0.08976813443948096,1.520727011907644,1.0,0.0035674891496461913,1.0337698406184666,0.38737887582790137,0.06326836581709147,0.032666691647981756,0.13313166236821394
frozenset({'WHITE HANGING HEART T-LIGHT HOLDER'}),frozenset({'REGENCY CAKESTAND 3 TIER'}),0.11605974571040613,0.07050981360325885,0.011430687569435872,0.09848968304616039,1.3968223430618791,1.0,0.003247336532553515,1.0310366602763286,0.32138975748212073,0.06526642232872851,0.030102382846416288,0.13030226449226787
frozenset({'REGENCY CAKESTAND 3 TIER'}),frozenset({'WHITE HANGING HEART T-LIGHT HOLDER'}),0.07050981360325885,0.11605974571040613,0.011430687569435872,0.16211484593837536,1.3968223430618791,1.0,0.003247336532553515,1.0549658864400668,0.30563996060691784,0.06526642232872851,0.052102051020385814,0.13030226449226787
